distancia_inicio_m,distancia_fin_m,lat,lon,diametro,espesor,SMYS,tasa_corrosion_mm_ano
0.59,13.059,3.782203165,-71.45070079,460,6.35,42000,0.1
13.059,21.992,3.782100979,-71.45075985,460,6.35,42000,0.1
21.992,26.882,3.782027771,-71.45080216,460,6.35,42000,0.1
26.882,37.199,3.781987697,-71.45082532,460,6.35,42000,0.1
37.199,46.839,3.781903144,-71.45087418,460,6.35,42000,0.1
46.839,58.832,3.781824144,-71.45091984,460,6.35,42000,0.1
58.832,70.813,3.78172586,-71.45097665,460,6.35,42000,0.1
70.813,82.8,3.781625018,-71.4510279,460,6.35,42000,0.1
82.8,84.853,3.781517838,-71.45106489,460,6.35,42000,0.1
84.853,96.856,3.781499275,-71.45107063,460,6.35,42000,0.1
96.856,104.991,3.781390745,-71.45110424,460,6.35,42000,0.1
104.991,116.984,3.781317187,-71.45112701,460,6.35,42000,0.1
116.984,119.424,3.781208745,-71.45116057,460,6.35,42000,0.1
119.424,131.415,3.781186682,-71.4511674,460,6.35,42000,0.1
131.415,143.397,3.781077617,-71.45119878,460,6.35,42000,0.1
143.397,155.407,3.780968269,-71.45122888,460,6.35,42000,0.1
155.407,167.426,3.780858657,-71.45125902,460,6.35,42000,0.1
167.426,178.231,3.780749022,-71.45128939,460,6.35,42000,0.1
178.231,187.641,3.780650656,-71.45131739,460,6.35,42000,0.1
187.641,197.035,3.780565048,-71.45134198,460,6.35,42000,0.1
197.035,206.406,3.780479881,-71.45136753,460,6.35,42000,0.1
206.406,217.021,3.780400755,-71.45140673,460,6.35,42000,0.1
217.021,227.904,3.780313387,-71.45145635,460,6.35,42000,0.1
227.904,240.137,3.780224059,-71.45150765,460,6.35,42000,0.1
240.137,252.375,3.780123684,-71.45156538,460,6.35,42000,0.1
252.375,264.598,3.78002327,-71.45162313,460,6.35,42000,0.1
264.598,276.803,3.779922979,-71.45168081,460,6.35,42000,0.1
276.803,289.011,3.779822833,-71.4517384,460,6.35,42000,0.1
289.011,301.221,3.779722663,-71.45179601,460,6.35,42000,0.1
301.221,313.215,3.779622553,-71.45185376,460,6.35,42000,0.1
313.215,325.211,3.779524419,-71.45191084,460,6.35,42000,0.1
325.211,331.986,3.779426242,-71.45196789,460,6.35,42000,0.1
331.986,343.937,3.779370634,-71.45199983,460,6.35,42000,0.1
343.937,355.923,3.779272167,-71.45205551,460,6.35,42000,0.1
355.923,367.94,3.7791734,-71.45211134,460,6.35,42000,0.1
367.94,380.149,3.779074702,-71.45216788,460,6.35,42000,0.1
380.149,392.143,3.778973056,-71.45222279,460,6.35,42000,0.1
392.143,404.147,3.778866835,-71.45226286,460,6.35,42000,0.1
404.147,416.285,3.778760523,-71.45230296,460,6.35,42000,0.1
416.285,428.477,3.778653024,-71.45234351,460,6.35,42000,0.1
428.477,440.462,3.778544975,-71.45238404,460,6.35,42000,0.1
440.462,452.145,3.778438697,-71.45242372,460,6.35,42000,0.1
452.145,464.334,3.778335098,-71.4524624,460,6.35,42000,0.1
464.334,476.526,3.77822701,-71.45250275,460,6.35,42000,0.1
476.526,488.537,3.778118898,-71.45254311,460,6.35,42000,0.1
488.537,490.607,3.77801239,-71.45258288,460,6.35,42000,0.1
490.607,502.79,3.777994034,-71.45258973,460,6.35,42000,0.1
502.79,514.967,3.777886038,-71.45263017,460,6.35,42000,0.1
514.967,527.136,3.777778161,-71.45267076,460,6.35,42000,0.1
527.136,539.293,3.77767036,-71.45271133,460,6.35,42000,0.1
539.293,551.269,3.777562664,-71.45275187,460,6.35,42000,0.1
551.269,554.265,3.77745657,-71.45279179,460,6.35,42000,0.1
554.265,566.443,3.77743003,-71.45280178,460,6.35,42000,0.1
566.443,578.441,3.777322149,-71.45284239,460,6.35,42000,0.1
578.441,581.16,3.77721586,-71.45288239,460,6.35,42000,0.1
581.16,593.344,3.777191773,-71.45289145,460,6.35,42000,0.1
593.344,605.52,3.77708384,-71.45293208,460,6.35,42000,0.1
605.52,617.504,3.776975901,-71.45297248,460,6.35,42000,0.1
617.504,629.511,3.77686955,-71.45301193,460,6.35,42000,0.1
629.511,641.507,3.776762976,-71.45305141,460,6.35,42000,0.1
641.507,653.409,3.776656503,-71.45309087,460,6.35,42000,0.1
653.409,657.688,3.776550865,-71.45313001,460,6.35,42000,0.1
657.688,669.692,3.7765131,-71.45314464,460,6.35,42000,0.1
669.692,681.723,3.776407606,-71.45318684,460,6.35,42000,0.1
681.723,693.875,3.776301896,-71.45322919,460,6.35,42000,0.1
693.875,706.046,3.776233749,-71.45331326,460,6.35,42000,0.1
706.046,718.278,3.776238707,-71.45342799,460,6.35,42000,0.1
718.278,730.315,3.776274915,-71.45353685,460,6.35,42000,0.1
730.315,742.554,3.776321566,-71.4536408,460,6.35,42000,0.1
742.554,754.793,3.776368965,-71.45374651,460,6.35,42000,0.1
754.793,767.027,3.77641615,-71.45385231,460,6.35,42000,0.1
767.027,779.241,3.776463197,-71.45395812,460,6.35,42000,0.1
779.241,782.911,3.776510165,-71.45406376,460,6.35,42000,0.1
782.911,794.939,3.776524279,-71.4540955,460,6.35,42000,0.1
794.939,807.175,3.776570532,-71.45419953,460,6.35,42000,0.1
807.175,814.325,3.776617585,-71.45430536,460,6.35,42000,0.1
814.325,826.404,3.776645082,-71.4543672,460,6.35,42000,0.1
826.404,838.586,3.776691422,-71.45447172,460,6.35,42000,0.1
838.586,850.728,3.776737998,-71.45457721,460,6.35,42000,0.1
850.728,853.476,3.776784425,-71.45468234,460,6.35,42000,0.1
853.476,865.526,3.776794892,-71.45470615,460,6.35,42000,0.1
865.526,877.083,3.77683996,-71.45481093,460,6.35,42000,0.1
877.083,889.075,3.776882704,-71.45491162,460,6.35,42000,0.1
889.075,901.236,3.776927058,-71.45501611,460,6.35,42000,0.1
901.236,913.125,3.776974964,-71.45512075,460,6.35,42000,0.1
913.125,925.149,3.777027996,-71.45522001,460,6.35,42000,0.1
925.149,937.158,3.77708163,-71.45532039,460,6.35,42000,0.1
937.158,949.368,3.777135266,-71.45542061,460,6.35,42000,0.1
949.368,961.565,3.777189816,-71.4555225,460,6.35,42000,0.1
961.565,973.767,3.777243956,-71.45562447,460,6.35,42000,0.1
973.767,985.961,3.77729794,-71.45572657,460,6.35,42000,0.1
985.961,998.166,3.777351896,-71.4558286,460,6.35,42000,0.1
998.166,1009.829,3.77740648,-71.45593042,460,6.35,42000,0.1
1009.829,1022.048,3.777459179,-71.45602742,460,6.35,42000,0.1
1022.048,1022.427,3.777514391,-71.45612905,460,6.35,42000,0.1
1022.427,1034.046,3.777516104,-71.4561322,460,6.35,42000,0.1
1034.046,1045.622,3.777568609,-71.45622884,460,6.35,42000,0.1
1045.622,1051.736,3.777620916,-71.45632512,460,6.35,42000,0.1
1051.736,1063.322,3.777648542,-71.45637597,460,6.35,42000,0.1
1063.322,1074.933,3.777700894,-71.45647234,460,6.35,42000,0.1
1074.933,1081.061,3.777753361,-71.45656891,460,6.35,42000,0.1
1081.061,1082.441,3.777781083,-71.45661986,460,6.35,42000,0.1
1082.441,1094.442,3.777787405,-71.45663129,460,6.35,42000,0.1
1094.442,1104.287,3.777843184,-71.45673024,460,6.35,42000,0.1
1104.287,1116.293,3.777890096,-71.45681076,460,6.35,42000,0.1
1116.293,1128.338,3.777947305,-71.45690895,460,6.35,42000,0.1
1128.338,1140.542,3.778004701,-71.45700746,460,6.35,42000,0.1
1140.542,1152.716,3.778062857,-71.45710727,460,6.35,42000,0.1
1152.716,1155.007,3.778120965,-71.45720677,460,6.35,42000,0.1
1155.007,1167.054,3.778131915,-71.45722549,460,6.35,42000,0.1
1167.054,1179.06,3.778189491,-71.45732392,460,6.35,42000,0.1
1179.06,1191.056,3.778246869,-71.45742201,460,6.35,42000,0.1
1191.056,1203.085,3.778303859,-71.45752022,460,6.35,42000,0.1
1203.085,1215.265,3.778360262,-71.45761913,460,6.35,42000,0.1
1215.265,1227.457,3.778417203,-71.45771937,460,6.35,42000,0.1
1227.457,1239.693,3.778474201,-71.45781972,460,6.35,42000,0.1
1239.693,1251.95,3.778531405,-71.45792042,460,6.35,42000,0.1
1251.95,1264.167,3.778588713,-71.4580213,460,6.35,42000,0.1
1264.167,1276.363,3.778648418,-71.45812022,460,6.35,42000,0.1
1276.363,1288.54,3.778714774,-71.45821468,460,6.35,42000,0.1
1288.54,1300.743,3.778781065,-71.45830897,460,6.35,42000,0.1
1300.743,1312.97,3.778848018,-71.45840309,460,6.35,42000,0.1
1312.97,1325.213,3.778917692,-71.45849549,460,6.35,42000,0.1
1325.213,1337.45,3.778980161,-71.45859274,460,6.35,42000,0.1
1337.45,1349.656,3.779027699,-71.45869803,460,6.35,42000,0.1
1349.656,1361.848,3.779049064,-71.45881156,460,6.35,42000,0.1
1361.848,1373.857,3.779072111,-71.45892464,460,6.35,42000,0.1
1373.857,1386.085,3.779094814,-71.45903602,460,6.35,42000,0.1
1386.085,1395.948,3.779117467,-71.45914953,460,6.35,42000,0.1
1395.948,1407.955,3.779135445,-71.45924114,460,6.35,42000,0.1
1407.955,1419.972,3.779157331,-71.45935266,460,6.35,42000,0.1
1419.972,1432.155,3.779179236,-71.45946428,460,6.35,42000,0.1
1432.155,1444.361,3.779201444,-71.45957744,460,6.35,42000,0.1
1444.361,1456.535,3.779223693,-71.45969081,460,6.35,42000,0.1
1456.535,1468.733,3.779246164,-71.45980383,460,6.35,42000,0.1
1468.733,1480.927,3.779269188,-71.45991697,460,6.35,42000,0.1
1480.927,1492.717,3.779292294,-71.46003005,460,6.35,42000,0.1
1492.717,1504.752,3.779314633,-71.46013939,460,6.35,42000,0.1
1504.752,1516.747,3.779337437,-71.460251,460,6.35,42000,0.1
1516.747,1528.746,3.779360165,-71.46036224,460,6.35,42000,0.1
1528.746,1540.752,3.779382887,-71.46047352,460,6.35,42000,0.1
1540.752,1552.024,3.779405552,-71.46058488,460,6.35,42000,0.1
1552.024,1564.051,3.779426793,-71.46068944,460,6.35,42000,0.1
1564.051,1576.042,3.779449064,-71.46080108,460,6.35,42000,0.1
1576.042,1587.998,3.779471145,-71.46091241,460,6.35,42000,0.1
1587.998,1589.529,3.779493162,-71.46102342,460,6.35,42000,0.1
1589.529,1601.582,3.779495982,-71.46103763,460,6.35,42000,0.1
1601.582,1613.602,3.779518177,-71.46114954,460,6.35,42000,0.1
1613.602,1625.537,3.779540311,-71.46126114,460,6.35,42000,0.1
1625.537,1636.17,3.779562289,-71.46137195,460,6.35,42000,0.1
1636.17,1648.194,3.779581869,-71.46147067,460,6.35,42000,0.1
1648.194,1650.933,3.779603995,-71.46158231,460,6.35,42000,0.1
1650.933,1660.874,3.779609031,-71.46160774,460,6.35,42000,0.1
1660.874,1672.871,3.779627294,-71.46170005,460,6.35,42000,0.1
1672.871,1684.92,3.779649338,-71.46181145,460,6.35,42000,0.1
1684.92,1696.963,3.779671476,-71.46192333,460,6.35,42000,0.1
1696.963,1709.007,3.779693453,-71.46203518,460,6.35,42000,0.1
1709.007,1721.055,3.779714616,-71.4621472,460,6.35,42000,0.1
1721.055,1733.033,3.779735512,-71.46225931,460,6.35,42000,0.1
1733.033,1745.013,3.779756242,-71.46237077,460,6.35,42000,0.1
1745.013,1757.049,3.779777053,-71.46248224,460,6.35,42000,0.1
1757.049,1769.09,3.779797981,-71.46259423,460,6.35,42000,0.1
1769.09,1781.096,3.779818918,-71.46270626,460,6.35,42000,0.1
1781.096,1793.07,3.779839794,-71.46281797,460,6.35,42000,0.1
1793.07,1805.043,3.779860621,-71.46292938,460,6.35,42000,0.1
1805.043,1807.073,3.779881688,-71.46304074,460,6.35,42000,0.1
1807.073,1819.087,3.779885339,-71.4630596,460,6.35,42000,0.1
1819.087,1831.116,3.779906942,-71.46317125,460,6.35,42000,0.1
1831.116,1843.174,3.779928573,-71.46328303,460,6.35,42000,0.1
1843.174,1846.343,3.779950255,-71.46339509,460,6.35,42000,0.1
1846.343,1858.355,3.779955954,-71.46342454,460,6.35,42000,0.1
1858.355,1865.996,3.779977552,-71.46353617,460,6.35,42000,0.1
1865.996,1876.731,3.779991254,-71.46360718,460,6.35,42000,0.1
1876.731,1888.803,3.780010277,-71.463707,460,6.35,42000,0.1
1888.803,1900.844,3.780031593,-71.46381926,460,6.35,42000,0.1
1900.844,1912.812,3.780052853,-71.46393123,460,6.35,42000,0.1
1912.812,1924.804,3.780073985,-71.46404252,460,6.35,42000,0.1
1924.804,1936.799,3.78009516,-71.46415404,460,6.35,42000,0.1
1936.799,1945.963,3.780116094,-71.46426563,460,6.35,42000,0.1
1945.963,1957.942,3.780131092,-71.46435106,460,6.35,42000,0.1
1957.942,1969.964,3.780150694,-71.46446274,460,6.35,42000,0.1
1969.964,1981.961,3.780170368,-71.46457482,460,6.35,42000,0.1
1981.961,1993.971,3.780190001,-71.46468667,460,6.35,42000,0.1
1993.971,2005.987,3.780209655,-71.46479864,460,6.35,42000,0.1
2005.987,2018.017,3.780229318,-71.46491066,460,6.35,42000,0.1
2018.017,2030.03,3.780249005,-71.46502282,460,6.35,42000,0.1
2030.03,2042.053,3.780268664,-71.46513481,460,6.35,42000,0.1
2042.053,2054.047,3.780288888,-71.4652468,460,6.35,42000,0.1
2054.047,2065.043,3.780309555,-71.46535843,460,6.35,42000,0.1
2065.043,2066.053,3.780328503,-71.46546078,460,6.35,42000,0.1
2066.053,2077.677,3.780330243,-71.46547018,460,6.35,42000,0.1
2077.677,2089.315,3.780350273,-71.46557836,460,6.35,42000,0.1
2089.315,2100.92,3.780370328,-71.46568668,460,6.35,42000,0.1
2100.92,2107.021,3.780390326,-71.46579469,460,6.35,42000,0.1
2107.021,2113.131,3.780400839,-71.46585148,460,6.35,42000,0.1
2113.131,2124.621,3.780411366,-71.46590834,460,6.35,42000,0.1
2124.621,2130.734,3.780431165,-71.46601528,460,6.35,42000,0.1
2130.734,2136.315,3.780442063,-71.46607211,460,6.35,42000,0.1
2136.315,2137.289,3.780452147,-71.46612397,460,6.35,42000,0.1
2137.289,2142.14,3.780453949,-71.46613301,460,6.35,42000,0.1
2142.14,2154.179,3.780462923,-71.46617804,460,6.35,42000,0.1
2154.179,2166.193,3.780485181,-71.4662898,460,6.35,42000,0.1
2166.193,2178.218,3.780507145,-71.46640137,460,6.35,42000,0.1
2178.218,2190.214,3.78052894,-71.46651309,460,6.35,42000,0.1
2190.214,2202.182,3.780550681,-71.46662454,460,6.35,42000,0.1
2202.182,2214.122,3.780572374,-71.46673572,460,6.35,42000,0.1
2214.122,2226.08,3.780594015,-71.46684665,460,6.35,42000,0.1
2226.08,2238.088,3.780615689,-71.46695774,460,6.35,42000,0.1
2238.088,2250.112,3.780637455,-71.4670693,460,6.35,42000,0.1
2250.112,2251.511,3.780659246,-71.467181,460,6.35,42000,0.1
2251.511,2263.512,3.780661782,-71.467194,460,6.35,42000,0.1
2263.512,2275.508,3.780683192,-71.46730556,460,6.35,42000,0.1
2275.508,2287.517,3.78070406,-71.46741717,460,6.35,42000,0.1
2287.517,2299.483,3.780724888,-71.46752892,460,6.35,42000,0.1
2299.483,2311.505,3.780745642,-71.46764026,460,6.35,42000,0.1
2311.505,2323.507,3.780766494,-71.46775213,460,6.35,42000,0.1
2323.507,2331.813,3.78078731,-71.46786381,460,6.35,42000,0.1
2331.813,2343.829,3.780801717,-71.4679411,460,6.35,42000,0.1
2343.829,2355.832,3.78082247,-71.46805293,460,6.35,42000,0.1
2355.832,2367.843,3.780840113,-71.46816514,460,6.35,42000,0.1
2367.843,2379.84,3.780851031,-71.46827826,460,6.35,42000,0.1
2379.84,2391.803,3.78085965,-71.46839149,460,6.35,42000,0.1
2391.803,2403.769,3.780870807,-71.46850414,460,6.35,42000,0.1
2403.769,2415.767,3.780894006,-71.46861493,460,6.35,42000,0.1
2415.767,2417.315,3.780924713,-71.46872426,460,6.35,42000,0.1
2417.315,2429.295,3.780928832,-71.46873832,460,6.35,42000,0.1
2429.295,2441.282,3.780960672,-71.46884716,460,6.35,42000,0.1
2441.282,2447.846,3.780989752,-71.4689568,460,6.35,42000,0.1
2447.846,2459.862,3.781003184,-71.46901746,460,6.35,42000,0.1
2459.862,2469.497,3.781024506,-71.46912918,460,6.35,42000,0.1
2469.497,2471.909,3.781042528,-71.46921858,460,6.35,42000,0.1
2471.909,2476.879,3.781047103,-71.46924095,460,6.35,42000,0.1
2476.879,2488.858,3.78105651,-71.46928704,460,6.35,42000,0.1
2488.858,2500.85,3.781078749,-71.46939822,460,6.35,42000,0.1
2500.85,2506.2,3.781100901,-71.46950955,460,6.35,42000,0.1
2506.2,2518.223,3.781110783,-71.46955922,460,6.35,42000,0.1
2518.223,2530.263,3.781132851,-71.46967086,460,6.35,42000,0.1
2530.263,2535.379,3.781154124,-71.46978282,460,6.35,42000,0.1
2535.379,2547.403,3.781162949,-71.46983043,460,6.35,42000,0.1
2547.403,2554.269,3.781182838,-71.46994249,460,6.35,42000,0.1
2554.269,2566.314,3.781188012,-71.47000678,460,6.35,42000,0.1
2566.314,2578.331,3.781164044,-71.47011721,460,6.35,42000,0.1
2578.331,2590.33,3.781123015,-71.4702233,460,6.35,42000,0.1
2590.33,2597.24,3.781082687,-71.47032946,460,6.35,42000,0.1
2597.24,2609.265,3.781062941,-71.47039181,460,6.35,42000,0.1
2609.265,2621.492,3.781040784,-71.47050328,460,6.35,42000,0.1
2621.492,2633.694,3.781035675,-71.47061884,460,6.35,42000,0.1
2633.694,2645.873,3.781040144,-71.4707342,460,6.35,42000,0.1
2645.873,2658.082,3.78104804,-71.47084921,460,6.35,42000,0.1
2658.082,2664.207,3.78105629,-71.47096448,460,6.35,42000,0.1
2664.207,2676.228,3.781060435,-71.47102231,460,6.35,42000,0.1
2676.228,2688.242,3.781068424,-71.47113581,460,6.35,42000,0.1
2688.242,2700.265,3.781076224,-71.47124926,460,6.35,42000,0.1
2700.265,2711.338,3.78108403,-71.4713628,460,6.35,42000,0.1
2711.338,2723.353,3.78109175,-71.47146732,460,6.35,42000,0.1
2723.353,2735.347,3.781100479,-71.47158071,460,6.35,42000,0.1
2735.347,2747.325,3.781109213,-71.4716939,460,6.35,42000,0.1
2747.325,2759.313,3.781117933,-71.47180695,460,6.35,42000,0.1
2759.313,2771.299,3.781126662,-71.47192008,460,6.35,42000,0.1
2771.299,2783.285,3.781135367,-71.4720332,460,6.35,42000,0.1
2783.285,2787.378,3.781143785,-71.47214634,460,6.35,42000,0.1
2787.378,2799.401,3.781146573,-71.47218498,460,6.35,42000,0.1
2799.401,2811.405,3.781154762,-71.47229849,460,6.35,42000,0.1
2811.405,2823.411,3.781162937,-71.47241182,460,6.35,42000,0.1
2823.411,2830.339,3.781171308,-71.47252515,460,6.35,42000,0.1
2830.339,2842.37,3.78117627,-71.47259054,460,6.35,42000,0.1
2842.37,2854.408,3.781181525,-71.47270424,460,6.35,42000,0.1
2854.408,2862.962,3.781178504,-71.47281811,460,6.35,42000,0.1
2862.962,2874.998,3.781174978,-71.472899,460,6.35,42000,0.1
2874.998,2878.292,3.781170018,-71.47301282,460,6.35,42000,0.1
2878.292,2890.34,3.78116866,-71.47304396,460,6.35,42000,0.1
2890.34,2899.713,3.781163509,-71.47315789,460,6.35,42000,0.1
2899.713,2911.693,3.78115936,-71.47324651,460,6.35,42000,0.1
2911.693,2923.711,3.781154046,-71.47335978,460,6.35,42000,0.1
2923.711,2934.279,3.78114851,-71.4734734,460,6.35,42000,0.1
2934.279,2945.915,3.781143079,-71.47357328,460,6.35,42000,0.1
2945.915,2957.917,3.781137099,-71.47368326,460,6.35,42000,0.1
2957.917,2969.906,3.781130931,-71.4737967,460,6.35,42000,0.1
2969.906,2981.882,3.781124506,-71.47391,460,6.35,42000,0.1
2981.882,2993.883,3.781117622,-71.47402315,460,6.35,42000,0.1
2993.883,3005.929,3.781110764,-71.47413653,460,6.35,42000,0.1
3005.929,3017.959,3.781103995,-71.47425035,460,6.35,42000,0.1
3017.959,3029.922,3.781097267,-71.47436402,460,6.35,42000,0.1
3029.922,3041.889,3.781090786,-71.47447707,460,6.35,42000,0.1
3041.889,3053.897,3.781084803,-71.47459019,460,6.35,42000,0.1
3053.897,3065.933,3.781078847,-71.47470369,460,6.35,42000,0.1
3065.933,3077.92,3.781072879,-71.47481746,460,6.35,42000,0.1
3077.92,3089.863,3.781066935,-71.47493077,460,6.35,42000,0.1
3089.863,3101.842,3.781061012,-71.47504366,460,6.35,42000,0.1
3101.842,3105.77,3.781055616,-71.47515691,460,6.35,42000,0.1
3105.77,3117.752,3.781053934,-71.47519406,460,6.35,42000,0.1
3117.752,3129.758,3.781048811,-71.47530735,460,6.35,42000,0.1
3129.758,3141.749,3.781043679,-71.47542088,460,6.35,42000,0.1
3141.749,3153.74,3.781036097,-71.47553412,460,6.35,42000,0.1
3153.74,3158.327,3.78102732,-71.47564728,460,6.35,42000,0.1
3158.327,3170.287,3.781023963,-71.47569057,460,6.35,42000,0.1
3170.287,3182.284,3.7810193,-71.47580368,460,6.35,42000,0.1
3182.284,3194.254,3.78101513,-71.47591716,460,6.35,42000,0.1
3194.254,3206.283,3.781010969,-71.47603038,460,6.35,42000,0.1
3206.283,3216.533,3.781006787,-71.47614416,460,6.35,42000,0.1
3216.533,3228.526,3.781010471,-71.47624092,460,6.35,42000,0.1
3228.526,3240.561,3.781050148,-71.47634703,460,6.35,42000,0.1
3240.561,3252.604,3.781102311,-71.47644829,460,6.35,42000,0.1
3252.604,3263.104,3.781157641,-71.47654794,460,6.35,42000,0.1
3263.104,3275.124,3.781206737,-71.47663436,460,6.35,42000,0.1
3275.124,3287.154,3.781262935,-71.47673328,460,6.35,42000,0.1
3287.154,3299.197,3.781319181,-71.47683229,460,6.35,42000,0.1
3299.197,3311.227,3.781375489,-71.47693141,460,6.35,42000,0.1
3311.227,3323.261,3.781431747,-71.47703041,460,6.35,42000,0.1
3323.261,3335.277,3.781488365,-71.47712925,460,6.35,42000,0.1
3335.277,3341.302,3.781545013,-71.47722787,460,6.35,42000,0.1
3341.302,3353.319,3.781573417,-71.47727732,460,6.35,42000,0.1
3353.319,3365.301,3.781630067,-71.47737596,460,6.35,42000,0.1
3365.301,3377.284,3.781686555,-71.4774743,460,6.35,42000,0.1
3377.284,3379.326,3.781743048,-71.47757266,460,6.35,42000,0.1
3379.326,3391.357,3.781752674,-71.47758942,460,6.35,42000,0.1
3391.357,3394.728,3.78180939,-71.47768817,460,6.35,42000,0.1
3394.728,3406.752,3.781825282,-71.47771584,460,6.35,42000,0.1
3406.752,3418.814,3.781881968,-71.47781453,460,6.35,42000,0.1
3418.814,3430.832,3.78193883,-71.47791353,460,6.35,42000,0.1
3430.832,3442.809,3.781995445,-71.4780122,460,6.35,42000,0.1
3442.809,3454.764,3.782051571,-71.4781107,460,6.35,42000,0.1
3454.764,3466.74,3.782107489,-71.47820908,460,6.35,42000,0.1
3466.74,3471.02,3.782163504,-71.47830763,460,6.35,42000,0.1
3471.02,3483.062,3.782183523,-71.47834285,460,6.35,42000,0.1
3483.062,3495.082,3.782239294,-71.47844225,460,6.35,42000,0.1
3495.082,3507.042,3.782294881,-71.47854153,460,6.35,42000,0.1
3507.042,3519.065,3.782350189,-71.4786403,460,6.35,42000,0.1
3519.065,3531.09,3.782405788,-71.4787396,460,6.35,42000,0.1
3531.09,3535.559,3.782461395,-71.47883891,460,6.35,42000,0.1
3535.559,3547.541,3.782482062,-71.47887582,460,6.35,42000,0.1
3547.541,3559.548,3.782538181,-71.47897438,460,6.35,42000,0.1
3559.548,3567.787,3.78259485,-71.47907289,460,6.35,42000,0.1
3567.787,3579.804,3.782633742,-71.47914049,460,6.35,42000,0.1
3579.804,3591.811,3.782690274,-71.47923919,460,6.35,42000,0.1
3591.811,3603.814,3.782746019,-71.47933823,460,6.35,42000,0.1
3603.814,3615.839,3.78280154,-71.47943735,460,6.35,42000,0.1
3615.839,3617.377,3.78285716,-71.47953666,460,6.35,42000,0.1
3617.377,3629.405,3.782864274,-71.47954936,460,6.35,42000,0.1
3629.405,3641.379,3.782919829,-71.47964874,460,6.35,42000,0.1
3641.379,3653.357,3.782976911,-71.47974664,460,6.35,42000,0.1
3653.357,3663.02,3.783044612,-71.47983746,460,6.35,42000,0.1
3663.02,3675.033,3.783100508,-71.47990986,460,6.35,42000,0.1
3675.033,3687.03,3.783169995,-71.47999986,460,6.35,42000,0.1
3687.03,3690.529,3.783239388,-71.48008975,460,6.35,42000,0.1
3690.529,3702.557,3.783259628,-71.48011597,460,6.35,42000,0.1
3702.557,3709.445,3.78332891,-71.48020631,460,6.35,42000,0.1
3709.445,3721.632,3.783367952,-71.48025852,460,6.35,42000,0.1
3721.632,3733.82,3.783436312,-71.48035144,460,6.35,42000,0.1
3733.82,3746.002,3.783504669,-71.48044437,460,6.35,42000,0.1
3746.002,3758.208,3.783572878,-71.48053734,460,6.35,42000,0.1
3758.208,3770.239,3.783638242,-71.48063253,460,6.35,42000,0.1
3770.239,3773.747,3.783688187,-71.4807345,460,6.35,42000,0.1
3773.747,3785.767,3.7836994,-71.48076575,460,6.35,42000,0.1
3785.767,3788.011,3.783711574,-71.48087812,460,6.35,42000,0.1
3788.011,3800.016,3.78370853,-71.48089914,460,6.35,42000,0.1
3800.016,3812.044,3.783691204,-71.48101143,460,6.35,42000,0.1
3812.044,3824.058,3.783670875,-71.48112345,460,6.35,42000,0.1
3824.058,3836.077,3.783648577,-71.48123496,460,6.35,42000,0.1
3836.077,3848.114,3.783626346,-71.48134653,460,6.35,42000,0.1
3848.114,3860.173,3.783604919,-71.48145843,460,6.35,42000,0.1
3860.173,3872.213,3.7835837,-71.48157058,460,6.35,42000,0.1
3872.213,3884.196,3.783562516,-71.48168256,460,6.35,42000,0.1
3884.196,3891.789,3.783541882,-71.48179409,460,6.35,42000,0.1
3891.789,3903.785,3.783529517,-71.48186489,460,6.35,42000,0.1
3903.785,3905.006,3.783510604,-71.48197685,460,6.35,42000,0.1
3905.006,3917.031,3.783508679,-71.48198825,460,6.35,42000,0.1
3917.031,3929.053,3.783489719,-71.48210048,460,6.35,42000,0.1
3929.053,3941.013,3.783470764,-71.48221268,460,6.35,42000,0.1
3941.013,3953.038,3.783451992,-71.48232432,460,6.35,42000,0.1
3953.038,3955.075,3.783433322,-71.4824366,460,6.35,42000,0.1
3955.075,3967.067,3.783430165,-71.48245562,460,6.35,42000,0.1
3967.067,3970.241,3.78341158,-71.4825676,460,6.35,42000,0.1
3970.241,3981.218,3.783406661,-71.48259724,460,6.35,42000,0.1
3981.218,3993.243,3.783389648,-71.48269974,460,6.35,42000,0.1
3993.243,4005.247,3.783371012,-71.48281202,460,6.35,42000,0.1
4005.247,4017.272,3.783352407,-71.48292411,460,6.35,42000,0.1
4017.272,4029.29,3.78333377,-71.4830364,460,6.35,42000,0.1
4029.29,4041.326,3.783315144,-71.48314862,460,6.35,42000,0.1
4041.326,4053.342,3.783296489,-71.48326101,460,6.35,42000,0.1
4053.342,4065.343,3.783277866,-71.48337321,460,6.35,42000,0.1
4065.343,4076.337,3.783259228,-71.48348526,460,6.35,42000,0.1
4076.337,4088.336,3.7832418,-71.48358785,460,6.35,42000,0.1
4088.336,4093.601,3.783222526,-71.48369978,460,6.35,42000,0.1
4093.601,4105.596,3.78321407,-71.4837489,460,6.35,42000,0.1
4105.596,4117.565,3.783200555,-71.48386152,460,6.35,42000,0.1
4117.565,4129.532,3.783194015,-71.48397461,460,6.35,42000,0.1
4129.532,4141.558,3.783195535,-71.48408787,460,6.35,42000,0.1
4141.558,4153.581,3.783198579,-71.48420166,460,6.35,42000,0.1
4153.581,4165.6,3.783201591,-71.48431543,460,6.35,42000,0.1
4165.6,4177.611,3.78320462,-71.48442915,460,6.35,42000,0.1
4177.611,4189.635,3.78320814,-71.48454279,460,6.35,42000,0.1
4189.635,4201.617,3.783212145,-71.48465653,460,6.35,42000,0.1
4201.617,4213.569,3.783215994,-71.48476988,460,6.35,42000,0.1
4213.569,4225.571,3.783218939,-71.48488297,460,6.35,42000,0.1
4225.571,4237.574,3.783221186,-71.48499655,460,6.35,42000,0.1
4237.574,4249.584,3.783218848,-71.48511009,460,6.35,42000,0.1
4249.584,4261.618,3.783205728,-71.48522291,460,6.35,42000,0.1
4261.618,4273.639,3.783192371,-71.48533603,460,6.35,42000,0.1
4273.639,4285.604,3.783179677,-71.4854491,460,6.35,42000,0.1
4285.604,4297.573,3.783167541,-71.4855617,460,6.35,42000,0.1
4297.573,4309.616,3.783155662,-71.48567437,460,6.35,42000,0.1
4309.616,4321.65,3.783143107,-71.48578766,460,6.35,42000,0.1
4321.65,4333.665,3.783128028,-71.48590057,460,6.35,42000,0.1
4333.665,4345.685,3.783112974,-71.48601329,460,6.35,42000,0.1
4345.685,4357.714,3.783107302,-71.48612683,460,6.35,42000,0.1
4357.714,4369.742,3.783114243,-71.48624046,460,6.35,42000,0.1
4369.742,4381.755,3.783124174,-71.48635388,460,6.35,42000,0.1
4381.755,4393.807,3.783134092,-71.48646715,460,6.35,42000,0.1
4393.807,4405.846,3.783144042,-71.48658079,460,6.35,42000,0.1
4405.846,4417.851,3.783153982,-71.48669431,460,6.35,42000,0.1
4417.851,4429.873,3.783163893,-71.48680751,460,6.35,42000,0.1
4429.873,4441.869,3.783173819,-71.48692087,460,6.35,42000,0.1
4441.869,4453.856,3.783183722,-71.48703399,460,6.35,42000,0.1
4453.856,4465.888,3.783193619,-71.48714702,460,6.35,42000,0.1
4465.888,4477.878,3.78320353,-71.48726047,460,6.35,42000,0.1
4477.878,4482.938,3.783213178,-71.48737355,460,6.35,42000,0.1
4482.938,4494.954,3.783217219,-71.48742128,460,6.35,42000,0.1
4494.954,4506.961,3.783226817,-71.48753461,460,6.35,42000,0.1
4506.961,4518.969,3.783236408,-71.48764785,460,6.35,42000,0.1
4518.969,4523.338,3.783245999,-71.48776111,460,6.35,42000,0.1
4523.338,4535.32,3.783249489,-71.48780232,460,6.35,42000,0.1
4535.32,4547.317,3.783259136,-71.48791532,460,6.35,42000,0.1
4547.317,4559.349,3.783269065,-71.48802844,460,6.35,42000,0.1
4559.349,4571.379,3.783279024,-71.48814189,460,6.35,42000,0.1
4571.379,4577.976,3.783288981,-71.48825533,460,6.35,42000,0.1
4577.976,4589.97,3.783294441,-71.48831753,460,6.35,42000,0.1
4589.97,4601.964,3.783304369,-71.48843062,460,6.35,42000,0.1
4601.964,4613.976,3.783314296,-71.48854372,460,6.35,42000,0.1
4613.976,4626.005,3.783324239,-71.48865698,460,6.35,42000,0.1
4626.005,4638.025,3.783335476,-71.48877027,460,6.35,42000,0.1
4638.025,4650.061,3.78334872,-71.48888327,460,6.35,42000,0.1
4650.061,4662.095,3.783362182,-71.4889964,460,6.35,42000,0.1
4662.095,4674.079,3.783376246,-71.48910944,460,6.35,42000,0.1
4674.079,4686.045,3.783390485,-71.48922197,460,6.35,42000,0.1
4686.045,4698.068,3.783404862,-71.48933432,460,6.35,42000,0.1
4698.068,4710.072,3.783419108,-71.48944723,460,6.35,42000,0.1
4710.072,4722.089,3.78343424,-71.4895598,460,6.35,42000,0.1
4722.089,4734.09,3.783460127,-71.48967039,460,6.35,42000,0.1
4734.09,4746.126,3.783498847,-71.48977709,460,6.35,42000,0.1
4746.126,4758.153,3.783538336,-71.48988395,460,6.35,42000,0.1
4758.153,4770.165,3.783577775,-71.48999074,460,6.35,42000,0.1
4770.165,4772.211,3.78361648,-71.49009764,460,6.35,42000,0.1
4772.211,4783.384,3.78362293,-71.4901159,460,6.35,42000,0.1
4783.384,4795.415,3.783658214,-71.4902156,460,6.35,42000,0.1
4795.415,4807.437,3.783696754,-71.49032276,460,6.35,42000,0.1
4807.437,4819.424,3.783735474,-71.49042976,460,6.35,42000,0.1
4819.424,4831.451,3.783774077,-71.49053645,460,6.35,42000,0.1
4831.451,4833.797,3.783812812,-71.4906435,460,6.35,42000,0.1
4833.797,4845.779,3.783820368,-71.49066438,460,6.35,42000,0.1
4845.779,4857.795,3.783858959,-71.49077103,460,6.35,42000,0.1
4857.795,4869.782,3.783897584,-71.49087801,460,6.35,42000,0.1
4869.782,4881.787,3.783935972,-71.49098478,460,6.35,42000,0.1
4881.787,4893.824,3.783974416,-71.49109171,460,6.35,42000,0.1
4893.824,4905.835,3.784012964,-71.49119892,460,6.35,42000,0.1
4905.835,4917.842,3.784051477,-71.49130589,460,6.35,42000,0.1
4917.842,4929.865,3.784091128,-71.4914124,460,6.35,42000,0.1
4929.865,4941.893,3.784121197,-71.49152176,460,6.35,42000,0.1
4941.893,4953.882,3.784141366,-71.49163381,460,6.35,42000,0.1
4953.882,4965.863,3.784161327,-71.49174552,460,6.35,42000,0.1
4965.863,4977.874,3.784181036,-71.4918572,460,6.35,42000,0.1
4977.874,4989.842,3.784200792,-71.49196916,460,6.35,42000,0.1
4989.842,5001.848,3.78422048,-71.49208072,460,6.35,42000,0.1
5001.848,5013.848,3.784240229,-71.49219263,460,6.35,42000,0.1
5013.848,5025.864,3.784259882,-71.4923045,460,6.35,42000,0.1
5025.864,5037.89,3.784279361,-71.49241656,460,6.35,42000,0.1
5037.89,5049.918,3.784298832,-71.49252871,460,6.35,42000,0.1
5049.918,5061.957,3.784318306,-71.49264088,460,6.35,42000,0.1
5061.957,5073.931,3.784338723,-71.49275299,460,6.35,42000,0.1
5073.931,5085.915,3.784360574,-71.4928642,460,6.35,42000,0.1
5085.915,5092.029,3.784381474,-71.49297569,460,6.35,42000,0.1
5092.029,5104.051,3.784391815,-71.49303263,460,6.35,42000,0.1
5104.051,5116.074,3.784412147,-71.49314459,460,6.35,42000,0.1
5116.074,5128.109,3.78443248,-71.49325657,460,6.35,42000,0.1
5128.109,5140.133,3.784452835,-71.49336865,460,6.35,42000,0.1
5140.133,5152.115,3.78447317,-71.49348063,460,6.35,42000,0.1
5152.115,5164.073,3.784493434,-71.49359222,460,6.35,42000,0.1
5164.073,5176.094,3.784513655,-71.49370359,460,6.35,42000,0.1
5176.094,5188.125,3.784533957,-71.49381554,460,6.35,42000,0.1
5188.125,5200.116,3.784554261,-71.4939276,460,6.35,42000,0.1
5200.116,5212.274,3.784574497,-71.49403928,460,6.35,42000,0.1
5212.274,5224.311,3.784595015,-71.49415252,460,6.35,42000,0.1
5224.311,5236.375,3.784615329,-71.49426463,460,6.35,42000,0.1
5236.375,5248.386,3.78463601,-71.49437693,460,6.35,42000,0.1
5248.386,5260.37,3.784656852,-71.49448869,460,6.35,42000,0.1
5260.37,5272.386,3.784677659,-71.4946002,460,6.35,42000,0.1
5272.386,5284.431,3.784698494,-71.49471201,460,6.35,42000,0.1
5284.431,5296.442,3.784718957,-71.49482417,460,6.35,42000,0.1
5296.442,5306.235,3.784739203,-71.49493604,460,6.35,42000,0.1
5306.235,5318.246,3.784755714,-71.49502725,460,6.35,42000,0.1
5318.246,5330.196,3.784775976,-71.49513912,460,6.35,42000,0.1
5330.196,5342.208,3.784796144,-71.49525042,460,6.35,42000,0.1
5342.208,5354.21,3.78481635,-71.49536231,460,6.35,42000,0.1
5354.21,5366.204,3.784834686,-71.49547443,460,6.35,42000,0.1
5366.204,5378.23,3.784853933,-71.49558631,460,6.35,42000,0.1
5378.23,5390.211,3.784888698,-71.49569403,460,6.35,42000,0.1
5390.211,5402.25,3.784934252,-71.49579788,460,6.35,42000,0.1
5402.25,5414.289,3.784980877,-71.49590186,460,6.35,42000,0.1
5414.289,5426.263,3.78502783,-71.49600569,460,6.35,42000,0.1
5426.263,5438.267,3.785074437,-71.496109,460,6.35,42000,0.1
5438.267,5450.286,3.785120283,-71.49621296,460,6.35,42000,0.1
5450.286,5462.313,3.785166215,-71.49631704,460,6.35,42000,0.1
5462.313,5474.309,3.78521253,-71.49642104,460,6.35,42000,0.1
5474.309,5486.279,3.785258775,-71.49652474,460,6.35,42000,0.1
5486.279,5498.27,3.785304897,-71.49662823,460,6.35,42000,0.1
5498.27,5510.25,3.785350831,-71.49673202,460,6.35,42000,0.1
5510.25,5522.262,3.785396472,-71.49683582,460,6.35,42000,0.1
5522.262,5534.305,3.785442237,-71.49693991,460,6.35,42000,0.1
5534.305,5546.346,3.785488117,-71.49704426,460,6.35,42000,0.1
5546.346,5558.398,3.785534067,-71.49714856,460,6.35,42000,0.1
5558.398,5570.407,3.785582406,-71.49725187,460,6.35,42000,0.1
5570.407,5582.365,3.785622263,-71.49735817,460,6.35,42000,0.1
5582.365,5594.363,3.785646011,-71.49746883,460,6.35,42000,0.1
5594.363,5606.408,3.785666415,-71.49758049,460,6.35,42000,0.1
5606.408,5616.829,3.785681444,-71.4976935,460,6.35,42000,0.1
5616.829,5628.794,3.7856932,-71.49779144,460,6.35,42000,0.1
5628.794,5640.751,3.785705287,-71.49790404,460,6.35,42000,0.1
5640.751,5652.722,3.785717558,-71.49801655,460,6.35,42000,0.1
5652.722,5664.713,3.7857307,-71.4981291,460,6.35,42000,0.1
5664.713,5676.762,3.78574419,-71.49824179,460,6.35,42000,0.1
5676.762,5688.804,3.785757744,-71.49835503,460,6.35,42000,0.1
5688.804,5700.776,3.785771386,-71.4984682,460,6.35,42000,0.1
5700.776,5712.742,3.785782097,-71.49858099,460,6.35,42000,0.1
5712.742,5724.775,3.785772667,-71.49869333,460,6.35,42000,0.1
5724.775,5736.815,3.785728638,-71.49879838,460,6.35,42000,0.1
5736.815,5748.821,3.785684582,-71.49890348,460,6.35,42000,0.1
5748.821,5760.824,3.78564065,-71.49900829,460,6.35,42000,0.1
5760.824,5772.842,3.785596731,-71.49911307,460,6.35,42000,0.1
5772.842,5784.858,3.785552754,-71.49921798,460,6.35,42000,0.1
5784.858,5789.076,3.785508787,-71.49932287,460,6.35,42000,0.1
5789.076,5799.788,3.785493353,-71.4993597,460,6.35,42000,0.1
5799.788,5811.697,3.785454154,-71.49945321,460,6.35,42000,0.1
5811.697,5823.717,3.785410579,-71.49955717,460,6.35,42000,0.1
5823.717,5835.748,3.785366596,-71.4996621,460,6.35,42000,0.1
5835.748,5847.712,3.785322573,-71.49976712,460,6.35,42000,0.1
5847.712,5859.711,3.785277976,-71.4998712,460,6.35,42000,0.1
5859.711,5871.734,3.78522797,-71.49997313,460,6.35,42000,0.1
5871.734,5883.76,3.785170918,-71.50007154,460,6.35,42000,0.1
5883.76,5895.793,3.785110957,-71.5001683,460,6.35,42000,0.1
5895.793,5907.794,3.785049169,-71.50026398,460,6.35,42000,0.1
5907.794,5919.797,3.784987544,-71.50035941,460,6.35,42000,0.1
5919.797,5931.806,3.784927675,-71.50045595,460,6.35,42000,0.1
5931.806,5943.74,3.784871046,-71.50055441,460,6.35,42000,0.1
5943.74,5955.699,3.784831937,-71.5006601,460,6.35,42000,0.1
5955.699,5967.715,3.784806014,-71.50077027,460,6.35,42000,0.1
5967.715,5979.74,3.784784142,-71.50088187,460,6.35,42000,0.1
5979.74,5991.791,3.784763386,-71.50099378,460,6.35,42000,0.1
5991.791,6003.795,3.78474195,-71.50110582,460,6.35,42000,0.1
6003.795,6008.665,3.784718934,-71.50121708,460,6.35,42000,0.1
6008.665,6020.671,3.784709457,-71.5012622,460,6.35,42000,0.1
6020.671,6032.715,3.784686095,-71.50137341,460,6.35,42000,0.1
6032.715,6044.754,3.784662659,-71.50148498,460,6.35,42000,0.1
6044.754,6051.79,3.784638333,-71.5015963,460,6.35,42000,0.1
6051.79,6063.803,3.78462227,-71.50166093,460,6.35,42000,0.1
6063.803,6075.829,3.784578121,-71.50176535,460,6.35,42000,0.1
6075.829,6087.829,3.784528344,-71.50186772,460,6.35,42000,0.1
6087.829,6099.865,3.784476829,-71.50196895,460,6.35,42000,0.1
6099.865,6109.07,3.784424004,-71.50206989,460,6.35,42000,0.1
6109.07,6121.071,3.784393786,-71.50215142,460,6.35,42000,0.1
6121.071,6133.092,3.784361748,-71.50226039,460,6.35,42000,0.1
6133.092,6145.061,3.784331984,-71.50237017,460,6.35,42000,0.1
6145.061,6157.071,3.784316897,-71.50248192,460,6.35,42000,0.1
6157.071,6169.059,3.784314976,-71.50259558,460,6.35,42000,0.1
6169.059,6181.048,3.784317774,-71.502709,460,6.35,42000,0.1
6181.048,6193.05,3.784321119,-71.50282244,460,6.35,42000,0.1
6193.05,6205.041,3.784324466,-71.50293599,460,6.35,42000,0.1
6205.041,6217.072,3.784327328,-71.50304945,460,6.35,42000,0.1
6217.072,6229.091,3.78432983,-71.50316331,460,6.35,42000,0.1
6229.091,6241.056,3.784332314,-71.50327704,460,6.35,42000,0.1
6241.056,6253.036,3.784334601,-71.50339027,460,6.35,42000,0.1
6253.036,6265.027,3.784335713,-71.50350366,460,6.35,42000,0.1
6265.027,6277.031,3.784336495,-71.50361716,460,6.35,42000,0.1
6277.031,6289.037,3.784337276,-71.50373078,460,6.35,42000,0.1
6289.037,6301.001,3.784338059,-71.50384442,460,6.35,42000,0.1
6301.001,6313.026,3.784338838,-71.50395766,460,6.35,42000,0.1
6313.026,6325.028,3.784339621,-71.50407148,460,6.35,42000,0.1
6325.028,6337.025,3.784340403,-71.50418508,460,6.35,42000,0.1
6337.025,6349.021,3.784341185,-71.50429863,460,6.35,42000,0.1
6349.021,6360.991,3.784341966,-71.50441218,460,6.35,42000,0.1
6360.991,6372.983,3.784342746,-71.50452548,460,6.35,42000,0.1
6372.983,6384.996,3.784343527,-71.50463898,460,6.35,42000,0.1
6384.996,6397.035,3.784344309,-71.50475269,460,6.35,42000,0.1
6397.035,6406.603,3.784345094,-71.50486664,460,6.35,42000,0.1
6406.603,6418.605,3.784345717,-71.5049572,460,6.35,42000,0.1
6418.605,6430.614,3.784346498,-71.50507081,460,6.35,42000,0.1
6430.614,6435.083,3.784347281,-71.50518447,460,6.35,42000,0.1
6435.083,6447.109,3.78434769,-71.50522677,460,6.35,42000,0.1
6447.109,6459.146,3.784351602,-71.50534051,460,6.35,42000,0.1
6459.146,6471.162,3.784357903,-71.50545425,460,6.35,42000,0.1
6471.162,6483.208,3.78436107,-71.50556794,460,6.35,42000,0.1
6483.208,6495.202,3.784363674,-71.50568193,460,6.35,42000,0.1
6495.202,6507.212,3.784366858,-71.50579542,460,6.35,42000,0.1
6507.212,6519.23,3.78437081,-71.50590903,460,6.35,42000,0.1
6519.23,6522.718,3.784374765,-71.50602271,460,6.35,42000,0.1
6522.718,6534.712,3.784375912,-71.50605571,460,6.35,42000,0.1
6534.712,6546.744,3.784379869,-71.50616917,460,6.35,42000,0.1
6546.744,6558.749,3.784384186,-71.50628297,460,6.35,42000,0.1
6558.749,6570.759,3.784388652,-71.50639652,460,6.35,42000,0.1
6570.759,6582.756,3.78439312,-71.50651011,460,6.35,42000,0.1
6582.756,6594.769,3.784397584,-71.50662358,460,6.35,42000,0.1
6594.769,6598.372,3.78440178,-71.50673721,460,6.35,42000,0.1
6598.372,6610.351,3.784402965,-71.50677129,460,6.35,42000,0.1
6610.351,6622.387,3.78440686,-71.50688461,460,6.35,42000,0.1
6622.387,6627.483,3.784419362,-71.50699767,460,6.35,42000,0.1
6627.483,6639.482,3.784431966,-71.50704407,460,6.35,42000,0.1
6639.482,6651.446,3.784474042,-71.50714934,460,6.35,42000,0.1
6651.446,6657.551,3.784518748,-71.50725336,460,6.35,42000,0.1
6657.551,6669.588,3.784540736,-71.5073068,460,6.35,42000,0.1
6669.588,6681.616,3.784585625,-71.50741151,460,6.35,42000,0.1
6681.616,6693.653,3.784635824,-71.50751327,460,6.35,42000,0.1
6693.653,6705.695,3.784646828,-71.50762607,460,6.35,42000,0.1
6705.695,6712.265,3.784636928,-71.5077396,460,6.35,42000,0.1
6712.265,6724.224,3.784630282,-71.50780144,460,6.35,42000,0.1
6724.224,6736.215,3.784616832,-71.50791382,460,6.35,42000,0.1
6736.215,6748.24,3.784601967,-71.50802635,460,6.35,42000,0.1
6748.24,6760.281,3.784587057,-71.50813919,460,6.35,42000,0.1
6760.281,6772.32,3.784572317,-71.5082522,460,6.35,42000,0.1
6772.32,6784.337,3.784559368,-71.50836541,460,6.35,42000,0.1
6784.337,6796.341,3.784547762,-71.50847856,460,6.35,42000,0.1
6796.341,6808.368,3.78453617,-71.50859159,460,6.35,42000,0.1
6808.368,6820.405,3.784524555,-71.50870484,460,6.35,42000,0.1
6820.405,6832.394,3.784512931,-71.50881818,460,6.35,42000,0.1
6832.394,6844.407,3.784502611,-71.50893119,460,6.35,42000,0.1
6844.407,6856.449,3.784493292,-71.50904451,460,6.35,42000,0.1
6856.449,6868.446,3.784483617,-71.50915808,460,6.35,42000,0.1
6868.446,6880.47,3.78447925,-71.50927148,460,6.35,42000,0.1
6880.47,6892.506,3.784482689,-71.50938522,460,6.35,42000,0.1
6892.506,6904.466,3.784491365,-71.50949881,460,6.35,42000,0.1
6904.466,6909.757,3.784499985,-71.50961169,460,6.35,42000,0.1
6909.757,6921.788,3.784503799,-71.50966162,460,6.35,42000,0.1
6921.788,6933.807,3.784512469,-71.50977517,460,6.35,42000,0.1
6933.807,6936.648,3.784521133,-71.50988861,460,6.35,42000,0.1
6936.648,6948.629,3.78452318,-71.50991542,460,6.35,42000,0.1
6948.629,6960.667,3.784531946,-71.51002849,460,6.35,42000,0.1
6960.667,6972.645,3.784541604,-71.51014202,460,6.35,42000,0.1
6972.645,6978.75,3.784551517,-71.51025496,460,6.35,42000,0.1
6978.75,6990.772,3.784556912,-71.5103125,460,6.35,42000,0.1
6990.772,6995.822,3.784576932,-71.51042416,460,6.35,42000,0.1
6995.822,7007.832,3.784591897,-71.51046934,460,6.35,42000,0.1
7007.832,7011.949,3.784644517,-71.51057,460,6.35,42000,0.1
7011.949,7023.958,3.784664482,-71.51060346,460,6.35,42000,0.1
7023.958,7025.884,3.784720269,-71.51070241,460,6.35,42000,0.1
7025.884,7037.885,3.784727586,-71.51071911,460,6.35,42000,0.1
7037.885,7049.882,3.784760711,-71.51082698,460,6.35,42000,0.1
7049.882,7060.664,3.784779743,-71.51093893,460,6.35,42000,0.1
7060.664,7072.645,3.784796235,-71.51103964,460,6.35,42000,0.1
7072.645,7074.675,3.784815294,-71.51115143,460,6.35,42000,0.1
7074.675,7086.689,3.784818586,-71.51117037,460,6.35,42000,0.1
7086.689,7089.481,3.78483807,-71.5112824,460,6.35,42000,0.1
7089.481,7101.494,3.784842621,-71.51130843,460,6.35,42000,0.1
7101.494,7113.479,3.784862626,-71.51142037,460,6.35,42000,0.1
7113.479,7120.295,3.784882944,-71.51153198,460,6.35,42000,0.1
7120.295,7132.244,3.784894498,-71.51159545,460,6.35,42000,0.1
7132.244,7144.255,3.784914753,-71.51170672,460,6.35,42000,0.1
7144.255,7156.279,3.78493463,-71.51181866,460,6.35,42000,0.1
7156.279,7162.178,3.784952798,-71.51193097,460,6.35,42000,0.1
7162.178,7174.208,3.784957063,-71.51198665,460,6.35,42000,0.1
7174.208,7186.229,3.784959648,-71.51210044,460,6.35,42000,0.1
7186.229,7198.253,3.784957051,-71.5122142,460,6.35,42000,0.1
7198.253,7210.289,3.784954211,-71.51232797,460,6.35,42000,0.1
7210.289,7222.32,3.784950912,-71.51244185,460,6.35,42000,0.1
7222.32,7234.288,3.784947157,-71.51255567,460,6.35,42000,0.1
7234.288,7246.291,3.78494107,-71.51266879,460,6.35,42000,0.1
7246.291,7258.338,3.784942924,-71.51278209,460,6.35,42000,0.1
7258.338,7270.337,3.784976486,-71.51288996,460,6.35,42000,0.1
7270.337,7282.322,3.785051641,-71.51297332,460,6.35,42000,0.1
7282.322,7294.37,3.785153689,-71.51302099,460,6.35,42000,0.1
7294.37,7305.393,3.78526497,-71.51304497,460,6.35,42000,0.1
7305.393,7317.377,3.785367854,-71.51306232,460,6.35,42000,0.1
7317.377,7329.424,3.785479609,-71.51308177,460,6.35,42000,0.1
7329.424,7341.427,3.785591817,-71.51310205,460,6.35,42000,0.1
7341.427,7353.444,3.785703536,-71.5131227,460,6.35,42000,0.1
7353.444,7365.471,3.785815622,-71.51314206,460,6.35,42000,0.1
7365.471,7377.457,3.78592753,-71.51316294,460,6.35,42000,0.1
7377.457,7383.38,3.78603902,-71.51318395,460,6.35,42000,0.1
7383.38,7395.415,3.786093609,-71.51319629,460,6.35,42000,0.1
7395.415,7407.442,3.78620161,-71.51323252,460,6.35,42000,0.1
7407.442,7419.467,3.78630923,-71.51326963,460,6.35,42000,0.1
7419.467,7431.503,3.78641658,-71.51330746,460,6.35,42000,0.1
7431.503,7443.526,3.786524024,-71.51334533,460,6.35,42000,0.1
7443.526,7455.506,3.786631675,-71.51338224,460,6.35,42000,0.1
7455.506,7464.519,3.786736582,-71.51342507,460,6.35,42000,0.1
7464.519,7476.498,3.786813773,-71.51346138,460,6.35,42000,0.1
7476.498,7488.476,3.786914253,-71.51351388,460,6.35,42000,0.1
7488.476,7500.463,3.787014289,-71.51356724,460,6.35,42000,0.1
7500.463,7512.5,3.787114397,-71.51362065,460,6.35,42000,0.1
7512.5,7524.509,3.787214924,-71.51367427,460,6.35,42000,0.1
7524.509,7536.532,3.787315217,-71.51372777,460,6.35,42000,0.1
7536.532,7548.578,3.78741572,-71.51378116,460,6.35,42000,0.1
7548.578,7560.581,3.787516535,-71.51383442,460,6.35,42000,0.1
7560.581,7572.56,3.787617412,-71.51388668,460,6.35,42000,0.1
7572.56,7584.545,3.787717827,-71.51393929,460,6.35,42000,0.1
7584.545,7596.582,3.787809066,-71.51400531,460,6.35,42000,0.1
7596.582,7608.588,3.787873889,-71.51409759,460,6.35,42000,0.1
7608.588,7610.894,3.787926774,-71.51419817,460,6.35,42000,0.1
7610.894,7622.895,3.787937076,-71.51421742,460,6.35,42000,0.1
7622.895,7634.868,3.787995734,-71.51431442,460,6.35,42000,0.1
7634.868,7646.831,3.788069964,-71.51439965,460,6.35,42000,0.1
7646.831,7658.87,3.788150136,-71.51447961,460,6.35,42000,0.1
7658.87,7670.878,3.788230381,-71.5145605,460,6.35,42000,0.1
7670.878,7682.885,3.788307592,-71.5146439,460,6.35,42000,0.1
7682.885,7694.886,3.788381377,-71.51473032,460,6.35,42000,0.1
7694.886,7706.848,3.788454235,-71.51481746,460,6.35,42000,0.1
7706.848,7718.884,3.788531235,-71.5149004,460,6.35,42000,0.1
7718.884,7727.212,3.788616155,-71.51497617,460,6.35,42000,0.1
7727.212,7739.22,3.788677768,-71.51502533,460,6.35,42000,0.1
7739.22,7751.208,3.788765061,-71.51509808,460,6.35,42000,0.1
7751.208,7763.21,3.788842611,-71.51518071,460,6.35,42000,0.1
7763.21,7775.237,3.788910138,-71.51527207,460,6.35,42000,0.1
7775.237,7787.246,3.788981552,-71.51536059,460,6.35,42000,0.1
7787.246,7795.41,3.789060399,-71.5154424,460,6.35,42000,0.1
7795.41,7807.415,3.789115499,-71.51549658,460,6.35,42000,0.1
7807.415,7819.153,3.789219248,-71.51553752,460,6.35,42000,0.1
7819.153,7831.066,3.78932984,-71.51554726,460,6.35,42000,0.1
7831.066,7843.054,3.789442589,-71.51554895,460,6.35,42000,0.1
7843.054,7855.04,3.789556048,-71.51555065,460,6.35,42000,0.1
7855.04,7867.045,3.789668756,-71.51556046,460,6.35,42000,0.1
7867.045,7878.516,3.789768252,-71.51561216,460,6.35,42000,0.1
7878.516,7890.559,3.789847924,-71.51568593,460,6.35,42000,0.1
7890.559,7902.59,3.789931566,-71.51576337,460,6.35,42000,0.1
7902.59,7914.624,3.790018319,-71.51583709,460,6.35,42000,0.1
7914.624,7926.662,3.790110049,-71.51590462,460,6.35,42000,0.1
7926.662,7936.011,3.790202813,-71.51597078,460,6.35,42000,0.1
7936.011,7948.037,3.790266945,-71.51603097,460,6.35,42000,0.1
7948.037,7951.814,3.790339028,-71.516119,460,6.35,42000,0.1
7951.814,7963.835,3.790359587,-71.51614823,460,6.35,42000,0.1
7963.835,7975.813,3.790421796,-71.51624348,460,6.35,42000,0.1
7975.813,7987.777,3.790478977,-71.51634135,460,6.35,42000,0.1
7987.777,7999.782,3.790534569,-71.51644001,460,6.35,42000,0.1
7999.782,8011.824,3.790591809,-71.51653814,460,6.35,42000,0.1
8011.824,8013.772,3.790652182,-71.51663482,460,6.35,42000,0.1
8013.772,8025.801,3.790661852,-71.51665052,460,6.35,42000,0.1
8025.801,8037.84,3.790721474,-71.51674752,460,6.35,42000,0.1
8037.84,8047.819,3.790779887,-71.51684535,460,6.35,42000,0.1
8047.819,8059.83,3.790827078,-71.51692718,460,6.35,42000,0.1
8059.83,8071.847,3.790891961,-71.5170201,460,6.35,42000,0.1
8071.847,8083.829,3.790976066,-71.51709608,460,6.35,42000,0.1
8083.829,8095.845,3.791069169,-71.51716084,460,6.35,42000,0.1
8095.845,8099.912,3.791162609,-71.51722568,460,6.35,42000,0.1
8099.912,8111.909,3.791194236,-71.51724763,460,6.35,42000,0.1
8111.909,8123.94,3.791288302,-71.51731116,460,6.35,42000,0.1
8123.94,8135.947,3.791386883,-71.51736816,460,6.35,42000,0.1
8135.947,8147.974,3.791485948,-71.51742386,460,6.35,42000,0.1
8147.974,8160.02,3.791585197,-71.51747963,460,6.35,42000,0.1
8160.02,8172.072,3.791685969,-71.51753297,460,6.35,42000,0.1
8172.072,8184.067,3.791786797,-71.51758633,460,6.35,42000,0.1
8184.067,8196.118,3.791887148,-71.51763944,460,6.35,42000,0.1
8196.118,8208.133,3.791972656,-71.51771421,460,6.35,42000,0.1
8208.133,8220.164,3.792052018,-71.51779562,460,6.35,42000,0.1
8220.164,8232.162,3.792126873,-71.51788142,460,6.35,42000,0.1
8232.162,8244.191,3.792200172,-71.51796816,460,6.35,42000,0.1
8244.191,8256.198,3.79227397,-71.51805486,460,6.35,42000,0.1
8256.198,8268.242,3.792349894,-71.51813943,460,6.35,42000,0.1
8268.242,8280.267,3.792426724,-71.51822365,460,6.35,42000,0.1
8280.267,8284.526,3.792503431,-71.51830774,460,6.35,42000,0.1
8284.526,8296.537,3.792531065,-71.5183371,460,6.35,42000,0.1
8296.537,8308.556,3.792609316,-71.51841957,460,6.35,42000,0.1
8308.556,8318.311,3.792687852,-71.51850188,460,6.35,42000,0.1
8318.311,8330.307,3.792743667,-71.51857541,460,6.35,42000,0.1
8330.307,8342.297,3.792805091,-71.51867084,460,6.35,42000,0.1
8342.297,8353.166,3.792859192,-71.51877059,460,6.35,42000,0.1
8353.166,8365.19,3.792903608,-71.51886334,460,6.35,42000,0.1
8365.19,8377.238,3.792954578,-71.51896507,460,6.35,42000,0.1
8377.238,8383.419,3.793019003,-71.51905907,460,6.35,42000,0.1
8383.419,8395.39,3.79305534,-71.51910492,460,6.35,42000,0.1
8395.39,8407.362,3.793132422,-71.51918776,460,6.35,42000,0.1
8407.362,8419.41,3.793220814,-71.51925864,460,6.35,42000,0.1
8419.41,8429.402,3.793311785,-71.51932741,460,6.35,42000,0.1
8429.402,8441.356,3.793387215,-71.51938446,460,6.35,42000,0.1
8441.356,8453.34,3.793476819,-71.51945356,460,6.35,42000,0.1
8453.34,8465.387,3.793566731,-71.51952272,460,6.35,42000,0.1
8465.387,8471.526,3.793656833,-71.5195926,460,6.35,42000,0.1
8471.526,8483.531,3.793702622,-71.51962838,460,6.35,42000,0.1
8483.531,8491.653,3.793792381,-71.51969806,460,6.35,42000,0.1
8491.653,8503.652,3.793853042,-71.51974529,460,6.35,42000,0.1
8503.652,8515.686,3.793942437,-71.51981535,460,6.35,42000,0.1
8515.686,8527.678,3.794031872,-71.51988589,460,6.35,42000,0.1
8527.678,8533.489,3.794120968,-71.51995622,460,6.35,42000,0.1
8533.489,8545.505,3.79416436,-71.51999002,460,6.35,42000,0.1
8545.505,8549.064,3.794253976,-71.52006005,460,6.35,42000,0.1
8549.064,8561.078,3.794280475,-71.52008085,460,6.35,42000,0.1
8561.078,8573.102,3.794370575,-71.52015023,460,6.35,42000,0.1
8573.102,8585.14,3.794469814,-71.52020529,460,6.35,42000,0.1
8585.14,8597.149,3.794583091,-71.52021399,460,6.35,42000,0.1
8597.149,8605.628,3.794694166,-71.52019473,460,6.35,42000,0.1
8605.628,8617.658,3.79477068,-71.52017051,460,6.35,42000,0.1
8617.658,8629.676,3.794880004,-71.5201387,460,6.35,42000,0.1
8629.676,8641.701,3.794990031,-71.52010983,460,6.35,42000,0.1
8641.701,8653.742,3.795100087,-71.5200808,460,6.35,42000,0.1
8653.742,8657.227,3.795210626,-71.52005303,460,6.35,42000,0.1
8657.227,8669.187,3.79524264,-71.52004508,460,6.35,42000,0.1
8669.187,8681.17,3.795352469,-71.52001763,460,6.35,42000,0.1
8681.17,8693.199,3.795462488,-71.51999005,460,6.35,42000,0.1
8693.199,8705.203,3.795572871,-71.51996212,460,6.35,42000,0.1
8705.203,8717.233,3.795682865,-71.51993364,460,6.35,42000,0.1
8717.233,8729.293,3.79579317,-71.51990544,460,6.35,42000,0.1
8729.293,8741.341,3.795897928,-71.51986241,460,6.35,42000,0.1
8741.341,8753.365,3.795991569,-71.51979757,460,6.35,42000,0.1
8753.365,8765.365,3.796082617,-71.51972928,460,6.35,42000,0.1
8765.365,8777.317,3.796173476,-71.51966112,460,6.35,42000,0.1
8777.317,8789.312,3.796263134,-71.51959214,460,6.35,42000,0.1
8789.312,8801.373,3.796352537,-71.51952216,460,6.35,42000,0.1
8801.373,8813.407,3.796449003,-71.51946168,460,6.35,42000,0.1
8813.407,8825.395,3.796556747,-71.51942521,460,6.35,42000,0.1
8825.395,8831.792,3.79666647,-71.51939629,460,6.35,42000,0.1
8831.792,8843.833,3.796724962,-71.51938064,460,6.35,42000,0.1
8843.833,8855.821,3.796835173,-71.5193516,460,6.35,42000,0.1
8855.821,8865.738,3.796945083,-71.51932339,460,6.35,42000,0.1
8865.738,8877.766,3.79703624,-71.519301,460,6.35,42000,0.1
8877.766,8889.756,3.797149377,-71.51929191,460,6.35,42000,0.1
8889.756,8901.718,3.797261965,-71.51930511,460,6.35,42000,0.1
8901.718,8907.852,3.797373397,-71.51932518,460,6.35,42000,0.1
8907.852,8919.867,3.797430413,-71.51933614,460,6.35,42000,0.1
8919.867,8931.874,3.797540787,-71.51936316,460,6.35,42000,0.1
8931.874,8943.908,3.797644115,-71.51940963,460,6.35,42000,0.1
8943.908,8955.919,3.797727413,-71.5194871,460,6.35,42000,0.1
8955.919,8967.934,3.797803127,-71.51957191,460,6.35,42000,0.1
8967.934,8979.974,3.797878869,-71.51965675,460,6.35,42000,0.1
8979.974,8989.534,3.797954764,-71.51974176,460,6.35,42000,0.1
8989.534,9001.53,3.798015031,-71.51980926,460,6.35,42000,0.1
9001.53,9013.562,3.798090653,-71.51989396,460,6.35,42000,0.1
9013.562,9025.563,3.798169112,-71.51997643,460,6.35,42000,0.1
9025.563,9037.548,3.798250735,-71.52005543,460,6.35,42000,0.1
9037.548,9049.565,3.7983325,-71.52013407,460,6.35,42000,0.1
9049.565,9054.65,3.798413572,-71.52021383,460,6.35,42000,0.1
9054.65,9066.624,3.798447061,-71.5202484,460,6.35,42000,0.1
9066.624,9078.599,3.798521304,-71.520334,460,6.35,42000,0.1
9078.599,9090.591,3.798590467,-71.52042377,460,6.35,42000,0.1
9090.591,9102.594,3.798657749,-71.52051519,460,6.35,42000,0.1
9102.594,9114.624,3.79872568,-71.52060626,460,6.35,42000,0.1
9114.624,9126.098,3.798792766,-71.52069827,460,6.35,42000,0.1
9126.098,9138.088,3.798856709,-71.52078605,460,6.35,42000,0.1
9138.088,9140.527,3.7989232,-71.52087803,460,6.35,42000,0.1
9140.527,9152.541,3.798936689,-71.52089676,460,6.35,42000,0.1
9152.541,9164.561,3.799002987,-71.52098915,460,6.35,42000,0.1
9164.561,9176.614,3.799069394,-71.52108154,460,6.35,42000,0.1
9176.614,9185.856,3.799135927,-71.52117422,460,6.35,42000,0.1
9185.856,9197.823,3.799187024,-71.52124522,460,6.35,42000,0.1
9197.823,9210.005,3.799253276,-71.5213371,460,6.35,42000,0.1
9210.005,9222.226,3.799320136,-71.52143104,460,6.35,42000,0.1
9222.226,9234.423,3.799387612,-71.521525,460,6.35,42000,0.1
9234.423,9246.622,3.799454782,-71.5216189,460,6.35,42000,0.1
9246.622,9258.657,3.799522848,-71.52171217,460,6.35,42000,0.1
9258.657,9269.932,3.799590166,-71.52180407,460,6.35,42000,0.1
9269.932,9281.913,3.799653067,-71.52189029,460,6.35,42000,0.1
9281.913,9293.869,3.799719741,-71.52198202,460,6.35,42000,0.1
9293.869,9305.893,3.799783388,-71.52207554,460,6.35,42000,0.1
9305.893,9317.931,3.799837299,-71.52217557,460,6.35,42000,0.1
9317.931,9329.953,3.799884655,-71.5222792,460,6.35,42000,0.1
9329.953,9341.943,3.799931615,-71.52238285,460,6.35,42000,0.1
9341.943,9353.949,3.799977906,-71.52248648,460,6.35,42000,0.1
9353.949,9365.958,3.800024261,-71.52259023,460,6.35,42000,0.1
9365.958,9377.907,3.800070629,-71.52269402,460,6.35,42000,0.1
9377.907,9389.92,3.800107056,-71.52280086,460,6.35,42000,0.1
9389.92,9401.933,3.800124565,-71.52291321,460,6.35,42000,0.1
9401.933,9413.931,3.800140802,-71.52302575,460,6.35,42000,0.1
9413.931,9425.962,3.800155104,-71.52313841,460,6.35,42000,0.1
9425.962,9434.031,3.80016912,-71.52325142,460,6.35,42000,0.1
9434.031,9435.174,3.800178308,-71.52332724,460,6.35,42000,0.1
9435.174,9438.006,3.800179607,-71.52333798,460,6.35,42000,0.1
9438.006,9450.018,3.800182826,-71.5233646,460,6.35,42000,0.1
9450.018,9462.024,3.800196531,-71.52347747,460,6.35,42000,0.1
9462.024,9474.041,3.800210624,-71.52359023,460,6.35,42000,0.1
9474.041,9486.079,3.800225508,-71.523703,460,6.35,42000,0.1
9486.079,9498.11,3.800239883,-71.52381603,460,6.35,42000,0.1
9498.11,9510.153,3.800255187,-71.52392887,460,6.35,42000,0.1
9510.153,9522.194,3.80027008,-71.52404189,460,6.35,42000,0.1
9522.194,9534.212,3.800283789,-71.52415503,460,6.35,42000,0.1
9534.212,9546.236,3.800287001,-71.52426827,460,6.35,42000,0.1
9546.236,9558.282,3.800279106,-71.52438181,460,6.35,42000,0.1
9558.282,9570.305,3.800270139,-71.52449548,460,6.35,42000,0.1
9570.305,9582.31,3.800259262,-71.52460876,460,6.35,42000,0.1
9582.31,9594.318,3.800247083,-71.52472173,460,6.35,42000,0.1
9594.318,9606.326,3.800238379,-71.52483504,460,6.35,42000,0.1
9606.326,9618.318,3.800253021,-71.52494759,460,6.35,42000,0.1
9618.318,9627.029,3.800277624,-71.5250584,460,6.35,42000,0.1
9627.029,9639.023,3.80029524,-71.52513895,460,6.35,42000,0.1
9639.023,9651.081,3.800319165,-71.52524993,460,6.35,42000,0.1
9651.081,9663.128,3.800343819,-71.52536137,460,6.35,42000,0.1
9663.128,9675.134,3.800366539,-71.52547311,460,6.35,42000,0.1
9675.134,9687.129,3.800387067,-71.52558488,460,6.35,42000,0.1
9687.129,9699.18,3.800407503,-71.52569657,460,6.35,42000,0.1
9699.18,9707.083,3.800427174,-71.52580892,460,6.35,42000,0.1
9707.083,9719.08,3.800439675,-71.52588268,460,6.35,42000,0.1
9719.08,9731.169,3.800486446,-71.5259856,460,6.35,42000,0.1
9731.169,9743.41,3.800552776,-71.5260782,460,6.35,42000,0.1
9743.41,9755.584,3.800632614,-71.52616216,460,6.35,42000,0.1
9755.584,9767.736,3.800712323,-71.52624538,460,6.35,42000,0.1
9767.736,9779.96,3.800787007,-71.52633273,460,6.35,42000,0.1
9779.96,9792.2,3.800855233,-71.52642618,460,6.35,42000,0.1
9792.2,9804.377,3.800923455,-71.52651982,460,6.35,42000,0.1
9804.377,9816.555,3.800990615,-71.52661349,460,6.35,42000,0.1
9816.555,9828.589,3.801058305,-71.52670679,460,6.35,42000,0.1
9828.589,9840.763,3.801123337,-71.52680029,460,6.35,42000,0.1
9840.763,9852.946,3.801186199,-71.52689686,460,6.35,42000,0.1
9852.946,9865.197,3.801248613,-71.52699383,460,6.35,42000,0.1
9865.197,9877.385,3.801311209,-71.52709144,460,6.35,42000,0.1
9877.385,9889.601,3.801373554,-71.52718851,460,6.35,42000,0.1
9889.601,9901.814,3.801436326,-71.52728561,460,6.35,42000,0.1
9901.814,9913.774,3.801498748,-71.52738291,460,6.35,42000,0.1
9913.774,9925.996,3.801560017,-71.52747811,460,6.35,42000,0.1
9925.996,9938.173,3.801622663,-71.52757536,460,6.35,42000,0.1
9938.173,9950.369,3.801684823,-71.52767243,460,6.35,42000,0.1
9950.369,9962.375,3.801747065,-71.52776965,460,6.35,42000,0.1
9962.375,9974.329,3.801809255,-71.52786476,460,6.35,42000,0.1
9974.329,9986.347,3.801873776,-71.52795771,460,6.35,42000,0.1
9986.347,9994.147,3.801940165,-71.52805008,460,6.35,42000,0.1
9994.147,10006.331,3.801983354,-71.52810996,460,6.35,42000,0.1
10006.331,10018.563,3.802051506,-71.52820299,460,6.35,42000,0.1
10018.563,10030.769,3.802117667,-71.52829799,460,6.35,42000,0.1
10030.769,10042.956,3.802180873,-71.5283947,460,6.35,42000,0.1
10042.956,10054.986,3.802243728,-71.52849142,460,6.35,42000,0.1
10054.986,10067.019,3.80230577,-71.5285869,460,6.35,42000,0.1
10067.019,10079.029,3.802367827,-71.52868241,460,6.35,42000,0.1
10079.029,10091.049,3.80242977,-71.52877773,460,6.35,42000,0.1
10091.049,10095.329,3.80249176,-71.52887314,460,6.35,42000,0.1
10095.329,10107.364,3.802513833,-71.52890711,460,6.35,42000,0.1
10107.364,10119.393,3.802575905,-71.52900263,460,6.35,42000,0.1
10119.393,10131.43,3.802637942,-71.5290981,460,6.35,42000,0.1
10131.43,10143.653,3.802700023,-71.52919364,460,6.35,42000,0.1
10143.653,10155.832,3.802734306,-71.52930274,460,6.35,42000,0.1
10155.832,10168.047,3.802687534,-71.52940392,460,6.35,42000,0.1
10168.047,10180.29,3.802585617,-71.52945031,460,6.35,42000,0.1
10180.29,10191.574,3.802471382,-71.52944082,460,6.35,42000,0.1
10191.574,10203.593,3.802369153,-71.52940997,460,6.35,42000,0.1
10203.593,10215.809,3.802260466,-71.52937636,460,6.35,42000,0.1
10215.809,10228.047,3.802150303,-71.52934123,460,6.35,42000,0.1
10228.047,10240.267,3.802039752,-71.52930664,460,6.35,42000,0.1
10240.267,10252.261,3.80192904,-71.52927318,460,6.35,42000,0.1
10252.261,10258.755,3.801818219,-71.52924991,460,6.35,42000,0.1
10258.755,10270.956,3.80175707,-71.52924495,460,6.35,42000,0.1
10270.956,10283.178,3.801643817,-71.52925981,460,6.35,42000,0.1
10283.178,10295.357,3.80154584,-71.52931834,460,6.35,42000,0.1
10295.357,10307.567,3.801466332,-71.52940142,460,6.35,42000,0.1
10307.567,10319.74,3.801399765,-71.5294959,460,6.35,42000,0.1
10319.74,10327.644,3.801333234,-71.52958997,460,6.35,42000,0.1
10327.644,10328.262,3.801290425,-71.52965133,460,6.35,42000,0.1
10328.262,10328.88,3.801287101,-71.52965614,460,6.35,42000,0.1
10328.88,10330.051,3.801283776,-71.52966095,460,6.35,42000,0.1
10330.051,10331.069,3.801277476,-71.52967007,460,6.35,42000,0.1
